<Anims>
 <anim name="idle" root="cp_cutgrass" numframes="1000" framerate="40">
  <frame idx="0" w="261" h="271" x="19.250023" y="10.499924">
   <element name="symbol0" layername="cp_cutgrass" frame="0" z_index="1" m_a="1.000000" m_b="0.000000" m_c="0.000000" m_d="1.000000" m_tx="1.320039" m_ty="-24.861868"/>
  </frame>
  <frame idx="25" w="261" h="271" x="19.250023" y="10.499924">
   <element name="symbol0" layername="cp_cutgrass" frame="0" z_index="1" m_a="1.000000" m_b="0.000000" m_c="0.000000" m_d="1.000000" m_tx="1.320039" m_ty="-24.861868"/>
  </frame>
  <frame idx="50" w="261" h="271" x="19.250023" y="10.499924">
   <element name="symbol0" layername="cp_cutgrass" frame="0" z_index="1" m_a="1.000000" m_b="0.000000" m_c="0.000000" m_d="1.000000" m_tx="1.320039" m_ty="-24.861868"/>
  </frame>
  <frame idx="75" w="261" h="271" x="19.250023" y="10.499924">
   <element name="symbol0" layername="cp_cutgrass" frame="0" z_index="1" m_a="1.000000" m_b="0.000000" m_c="0.000000" m_d="1.000000" m_tx="1.320039" m_ty="-24.861868"/>
  </frame>
  <frame idx="100" w="261" h="271" x="19.250023" y="10.499924">
   <element name="symbol0" layername="cp_cutgrass" frame="0" z_index="1" m_a="1.000000" m_b="0.000000" m_c="0.000000" m_d="1.000000" m_tx="1.320039" m_ty="-24.861868"/>
  </frame>
  <frame idx="125" w="261" h="271" x="19.250023" y="10.499924">
   <element name="symbol0" layername="cp_cutgrass" frame="0" z_index="1" m_a="1.000000" m_b="0.000000" m_c="0.000000" m_d="1.000000" m_tx="1.320039" m_ty="-24.861868"/>
  </frame>
  <frame idx="150" w="261" h="271" x="19.250023" y="10.499924">
   <element name="symbol0" layername="cp_cutgrass" frame="0" z_index="1" m_a="1.000000" m_b="0.000000" m_c="0.000000" m_d="1.000000" m_tx="1.320039" m_ty="-24.861868"/>
  </frame>
  <frame idx="175" w="261" h="271" x="19.250023" y="10.499924">
   <element name="symbol0" layername="cp_cutgrass" frame="0" z_index="1" m_a="1.000000" m_b="0.000000" m_c="0.000000" m_d="1.000000" m_tx="1.320039" m_ty="-24.861868"/>
  </frame>
  <frame idx="200" w="261" h="271" x="19.250023" y="10.499924">
   <element name="symbol0" layername="cp_cutgrass" frame="0" z_index="1" m_a="1.000000" m_b="0.000000" m_c="0.000000" m_d="1.000000" m_tx="1.320039" m_ty="-24.861868"/>
  </frame>
  <frame idx="225" w="261" h="271" x="19.250023" y="10.499924">
   <element name="symbol0" layername="cp_cutgrass" frame="0" z_index="1" m_a="1.000000" m_b="0.000000" m_c="0.000000" m_d="1.000000" m_tx="1.320039" m_ty="-24.861868"/>
  </frame>
  <frame idx="250" w="261" h="271" x="19.250023" y="10.499924">
   <element name="symbol0" layername="cp_cutgrass" frame="0" z_index="1" m_a="1.000000" m_b="0.000000" m_c="0.000000" m_d="1.000000" m_tx="1.320039" m_ty="-24.861868"/>
  </frame>
  <frame idx="275" w="261" h="271" x="19.250023" y="10.499924">
   <element name="symbol0" layername="cp_cutgrass" frame="0" z_index="1" m_a="1.000000" m_b="0.000000" m_c="0.000000" m_d="1.000000" m_tx="1.320039" m_ty="-24.861868"/>
  </frame>
  <frame idx="300" w="261" h="271" x="19.250023" y="10.499924">
   <element name="symbol0" layername="cp_cutgrass" frame="0" z_index="1" m_a="1.000000" m_b="0.000000" m_c="0.000000" m_d="1.000000" m_tx="1.320039" m_ty="-24.861868"/>
  </frame>
  <frame idx="325" w="261" h="271" x="19.250023" y="10.499924">
   <element name="symbol0" layername="cp_cutgrass" frame="0" z_index="1" m_a="1.000000" m_b="0.000000" m_c="0.000000" m_d="1.000000" m_tx="1.320039" m_ty="-24.861868"/>
  </frame>
  <frame idx="350" w="261" h="271" x="19.250023" y="10.499924">
   <element name="symbol0" layername="cp_cutgrass" frame="0" z_index="1" m_a="1.000000" m_b="0.000000" m_c="0.000000" m_d="1.000000" m_tx="1.320039" m_ty="-24.861868"/>
  </frame>
  <frame idx="375" w="261" h="271" x="19.250023" y="10.499924">
   <element name="symbol0" layername="cp_cutgrass" frame="0" z_index="1" m_a="1.000000" m_b="0.000000" m_c="0.000000" m_d="1.000000" m_tx="1.320039" m_ty="-24.861868"/>
  </frame>
  <frame idx="400" w="261" h="271" x="19.250023" y="10.499924">
   <element name="symbol0" layername="cp_cutgrass" frame="0" z_index="1" m_a="1.000000" m_b="0.000000" m_c="0.000000" m_d="1.000000" m_tx="1.320039" m_ty="-24.861868"/>
  </frame>
  <frame idx="425" w="261" h="271" x="19.250023" y="10.499924">
   <element name="symbol0" layername="cp_cutgrass" frame="0" z_index="1" m_a="1.000000" m_b="0.000000" m_c="0.000000" m_d="1.000000" m_tx="1.320039" m_ty="-24.861868"/>
  </frame>
  <frame idx="450" w="261" h="271" x="19.250023" y="10.499924">
   <element name="symbol0" layername="cp_cutgrass" frame="0" z_index="1" m_a="1.000000" m_b="0.000000" m_c="0.000000" m_d="1.000000" m_tx="1.320039" m_ty="-24.861868"/>
  </frame>
  <frame idx="475" w="261" h="271" x="19.250023" y="10.499924">
   <element name="symbol0" layername="cp_cutgrass" frame="0" z_index="1" m_a="1.000000" m_b="0.000000" m_c="0.000000" m_d="1.000000" m_tx="1.320039" m_ty="-24.861868"/>
  </frame>
  <frame idx="500" w="261" h="271" x="19.250023" y="10.499924">
   <element name="symbol0" layername="cp_cutgrass" frame="0" z_index="1" m_a="1.000000" m_b="0.000000" m_c="0.000000" m_d="1.000000" m_tx="1.320039" m_ty="-24.861868"/>
  </frame>
  <frame idx="525" w="261" h="271" x="19.250023" y="10.499924">
   <element name="symbol0" layername="cp_cutgrass" frame="0" z_index="1" m_a="1.000000" m_b="0.000000" m_c="0.000000" m_d="1.000000" m_tx="1.320039" m_ty="-24.861868"/>
  </frame>
  <frame idx="550" w="261" h="271" x="19.250023" y="10.499924">
   <element name="symbol0" layername="cp_cutgrass" frame="0" z_index="1" m_a="1.000000" m_b="0.000000" m_c="0.000000" m_d="1.000000" m_tx="1.320039" m_ty="-24.861868"/>
  </frame>
  <frame idx="575" w="261" h="271" x="19.250023" y="10.499924">
   <element name="symbol0" layername="cp_cutgrass" frame="0" z_index="1" m_a="1.000000" m_b="0.000000" m_c="0.000000" m_d="1.000000" m_tx="1.320039" m_ty="-24.861868"/>
  </frame>
  <frame idx="600" w="261" h="271" x="19.250023" y="10.499924">
   <element name="symbol0" layername="cp_cutgrass" frame="0" z_index="1" m_a="1.000000" m_b="0.000000" m_c="0.000000" m_d="1.000000" m_tx="1.320039" m_ty="-24.861868"/>
  </frame>
  <frame idx="625" w="261" h="271" x="19.250023" y="10.499924">
   <element name="symbol0" layername="cp_cutgrass" frame="0" z_index="1" m_a="1.000000" m_b="0.000000" m_c="0.000000" m_d="1.000000" m_tx="1.320039" m_ty="-24.861868"/>
  </frame>
  <frame idx="650" w="261" h="271" x="19.250023" y="10.499924">
   <element name="symbol0" layername="cp_cutgrass" frame="0" z_index="1" m_a="1.000000" m_b="0.000000" m_c="0.000000" m_d="1.000000" m_tx="1.320039" m_ty="-24.861868"/>
  </frame>
  <frame idx="675" w="261" h="271" x="19.250023" y="10.499924">
   <element name="symbol0" layername="cp_cutgrass" frame="0" z_index="1" m_a="1.000000" m_b="0.000000" m_c="0.000000" m_d="1.000000" m_tx="1.320039" m_ty="-24.861868"/>
  </frame>
  <frame idx="700" w="261" h="271" x="19.250023" y="10.499924">
   <element name="symbol0" layername="cp_cutgrass" frame="0" z_index="1" m_a="1.000000" m_b="0.000000" m_c="0.000000" m_d="1.000000" m_tx="1.320039" m_ty="-24.861868"/>
  </frame>
  <frame idx="725" w="261" h="271" x="19.250023" y="10.499924">
   <element name="symbol0" layername="cp_cutgrass" frame="0" z_index="1" m_a="1.000000" m_b="0.000000" m_c="0.000000" m_d="1.000000" m_tx="1.320039" m_ty="-24.861868"/>
  </frame>
  <frame idx="750" w="261" h="271" x="19.250023" y="10.499924">
   <element name="symbol0" layername="cp_cutgrass" frame="0" z_index="1" m_a="1.000000" m_b="0.000000" m_c="0.000000" m_d="1.000000" m_tx="1.320039" m_ty="-24.861868"/>
  </frame>
  <frame idx="775" w="261" h="271" x="19.250023" y="10.499924">
   <element name="symbol0" layername="cp_cutgrass" frame="0" z_index="1" m_a="1.000000" m_b="0.000000" m_c="0.000000" m_d="1.000000" m_tx="1.320039" m_ty="-24.861868"/>
  </frame>
  <frame idx="800" w="261" h="271" x="19.250023" y="10.499924">
   <element name="symbol0" layername="cp_cutgrass" frame="0" z_index="1" m_a="1.000000" m_b="0.000000" m_c="0.000000" m_d="1.000000" m_tx="1.320039" m_ty="-24.861868"/>
  </frame>
  <frame idx="825" w="261" h="271" x="19.250023" y="10.499924">
   <element name="symbol0" layername="cp_cutgrass" frame="0" z_index="1" m_a="1.000000" m_b="0.000000" m_c="0.000000" m_d="1.000000" m_tx="1.320039" m_ty="-24.861868"/>
  </frame>
  <frame idx="850" w="261" h="271" x="19.250023" y="10.499924">
   <element name="symbol0" layername="cp_cutgrass" frame="0" z_index="1" m_a="1.000000" m_b="0.000000" m_c="0.000000" m_d="1.000000" m_tx="1.320039" m_ty="-24.861868"/>
  </frame>
  <frame idx="875" w="261" h="271" x="19.250023" y="10.499924">
   <element name="symbol0" layername="cp_cutgrass" frame="0" z_index="1" m_a="1.000000" m_b="0.000000" m_c="0.000000" m_d="1.000000" m_tx="1.320039" m_ty="-24.861868"/>
  </frame>
  <frame idx="900" w="261" h="271" x="19.250023" y="10.499924">
   <element name="symbol0" layername="cp_cutgrass" frame="0" z_index="1" m_a="1.000000" m_b="0.000000" m_c="0.000000" m_d="1.000000" m_tx="1.320039" m_ty="-24.861868"/>
  </frame>
  <frame idx="925" w="261" h="271" x="19.250023" y="10.499924">
   <element name="symbol0" layername="cp_cutgrass" frame="0" z_index="1" m_a="1.000000" m_b="0.000000" m_c="0.000000" m_d="1.000000" m_tx="1.320039" m_ty="-24.861868"/>
  </frame>
  <frame idx="950" w="261" h="271" x="19.250023" y="10.499924">
   <element name="symbol0" layername="cp_cutgrass" frame="0" z_index="1" m_a="1.000000" m_b="0.000000" m_c="0.000000" m_d="1.000000" m_tx="1.320039" m_ty="-24.861868"/>
  </frame>
  <frame idx="975" w="261" h="271" x="19.250023" y="10.499924">
   <element name="symbol0" layername="cp_cutgrass" frame="0" z_index="1" m_a="1.000000" m_b="0.000000" m_c="0.000000" m_d="1.000000" m_tx="1.320039" m_ty="-24.861868"/>
  </frame>
 </anim>
</Anims>
